Sale_Price,Price,Racket_Name
$221.11,,Pure Aero Decima French Open Tennis Racquet
$175.00,,Pure Drive Tour Tennis Racquet
$179.00,,Pure Drive Plus Tennis Racquet
$169.00,,Pure Drive Lite Tennis Racquet
$199.00,,2018 Pure Drive 110 Tennis Racquet
$175.00,,Pure Drive Team Tennis Racquet
$175.00,,Pure Drive Tour Plus Tennis Racquet
$179.00,,2015 Pure Drive Tennis Racquet
$199.00,,2018 Pure Drive 107 Tennis Racquet
,$219.00,2018 Pure Drive Tour Tennis Racquet
,$219.00,2018 Pure Drive Tour Plus Tennis Racquet
$199.00,,2018 Pure Drive Team Tennis Racquet
,$219.00,2018 Pure Drive Tennis Racquet
$109.00,,Aero 112 Prestrung Tennis Racquet
$195.00,,2018 Pure Drive Lite Tennis Racquet
,$219.00,2018 Pure Drive Plus Tennis Racquet
,$34.95,BFly 23 Junior Tennis Racquet
,$24.95,Ballfighter 17 Junior Tennis Racquet
,$29.95,BFly 19 Junior Tennis Racquet White and Purple
,$29.95,Nadal Junior 21 Tennis Racquet
,$29.95,Nadal Junior 19 Tennis Racquet
,$29.95,BFly 21 Junior Tennis Racquet
,$34.95,BFly 25 Junior Tennis Racquet
,$34.95,Nadal Junior 23 Tennis Racquet
,$29.95,BFly 21 Junior Tennis Racquet
,$34.95,Nadal Junior 25 Tennis Racquet
,$34.95,Nadal Junior 26 Tennis Racquet
,$69.00,Pure Drive Junior 23 Tennis Racquet Pink
,$69.00,Pure Drive Junior 23 Tennis Racquet Blue
,$69.00,Drive 23 Junior Tennis Racquet
,$69.00,Drive 25 Junior Tennis Racquet
$99.00,,Pure Aero Junior 25 Tennis Racquet
,$99.00,2018 Pure Drive 25 Junior Tennis Racquet
,$109.00,Pure Strike Junior 26 Tennis Racquet
,$109.00,2018 Pure Drive 26 Junior Tennis Racquet
,$109.00,Pure Aero Junior 26 Tennis Racquet
,$99.00,Pure Strike Junior 25 Tennis Racquet
,$119.00,Pure Strike 26 Wimbledon Tennis Racquet
,$129.00,Pure Aero Decima Junior 26 Tennis Racquet
$139.00,,Drive 115 Tennis Racquet
,$139.00,Drive G Lite W Tennis Racquet
,$159.00,Drive G 115 Tennis Racquet
,$139.00,Drive G Lite Tennis Racquet
$119.00,,Drive Lite Tennis Racquet White and Purple
,$109.00,Boost Aero Prestrung Tennis Racquet
,$99.00,Boost Strike Prestrung Tennis Racquet
,$109.00,Boost A Pink Prestrung Tennis Racquet
,$99.00,Boost D Prestrung Tennis Racquet
,$199.00,Pure Strike 100 Tennis Racquet
,$189.00,Pure Strike Team Tennis Racquet
,$209.00,Pure Strike VS Tour Tennis Racquet
,$209.00,Pure Strike VS Tennis Racquet
,$199.00,Pure Strike 16/19 Tennis Racquet
,$199.00,Pure Strike 18/20 Tennis Racquet
,$209.00,Pure Strike 16x19 Wimbledon Tennis Racquet
$179.00,,Pure Drive 110 Tennis Racquet
$319.00,,Pure Aero Play Tennis Racquet
$169.00,,Pure Aero VS Stars and Stripes Tennis Racquet
$169.00,,Pure Drive 107 Tennis Racquet
$169.00,,Pure Aero Stars and Stripes Tennis Racquet
,$229.00,Pure Aero VS Tennis Racquet
,$195.00,Pure Aero Lite Pink Tennis Racquet
,$199.00,Pure Aero Team Tennis Racquet
,$229.00,Pure Aero VS Tour Tennis Racquet
,$209.00,Pure Aero Tour Tennis Racquet
,$195.00,Pure Aero Lite Tennis Racquet
,$219.00,Pure Aero + Tennis Racquet
$205.00,,Pure Aero Lite Decima French Open Tennis Racquet
,$219.00,Pure Aero Tennis Racquet
